name,phone,email,address,currency,numberrange
Jasper Joseph,(125) 832-4826,mauris.vestibulum@protonmail.edu,Ap #783-8034 Nunc Street,$73.44,4
Rogan Hopkins,1-764-710-2172,dolor.fusce.mi@protonmail.couk,Ap #758-5121 Suspendisse Ave,$70.93,9
Shay Cleveland,(637) 964-7108,lorem@icloud.net,456-1057 Libero. St.,$7.62,9
Maite Weaver,(739) 463-1949,adipiscing.mauris@hotmail.net,Ap #255-7815 Erat Avenue,$32.88,7
Adria Herring,(337) 415-5957,integer.eu@yahoo.com,Ap #669-2053 Amet St.,$13.79,6
Laurel Gonzalez,(895) 846-2962,porttitor.vulputate@google.org,"Ap #767-7502 In, Road",$98.11,9
Jane Bender,1-659-923-1774,duis.gravida@protonmail.couk,618-8403 Aliquam Av.,$40.56,9
Melinda Barton,1-576-782-5035,donec@aol.ca,878-2869 Purus. Av.,$63.92,9
Colorado Sandoval,(737) 534-1143,vel.vulputate@aol.net,8766 Nonummy St.,$82.73,9
Felix Sutton,(915) 275-7510,justo.faucibus@hotmail.com,978-3821 Odio. Rd.,$30.35,1
Yuli Clemons,1-222-275-0256,vitae.sodales@google.com,2337 Tellus Street,$48.10,9
Kelsey James,1-401-925-6528,cum.sociis@icloud.edu,"P.O. Box 722, 4036 Dictum Road",$75.02,10
Colin Hester,1-737-266-0145,ac.mattis@aol.edu,785-3640 Aliquam St.,$98.07,1
Lyle Gilbert,1-632-856-7821,sodales.at@hotmail.couk,"8685 Eu, Ave",$95.08,6
Kai Blackwell,1-460-338-2018,lacus.cras@icloud.com,Ap #358-7517 Pretium Ave,$77.49,1
Ashely Roth,(103) 624-8321,lobortis.quis@yahoo.edu,Ap #553-5242 Mauris Street,$88.94,2
Abdul Cherry,1-921-300-7234,tellus@google.com,"P.O. Box 788, 6902 Ac Rd.",$46.06,5
Isaac Ryan,(579) 571-0192,nibh.sit@hotmail.ca,Ap #774-8939 Nunc Road,$51.17,5
Griffith Ballard,(762) 228-4567,nam.interdum@protonmail.net,Ap #699-875 Augue Av.,$46.91,8
Amity Kidd,(231) 510-5339,curabitur.massa@google.com,394-2873 At Rd.,$26.01,3
Shana Moody,1-215-955-2235,maecenas.malesuada@hotmail.edu,1943 Nibh. St.,$56.13,4
Quail Hubbard,(181) 585-0882,luctus.et@icloud.net,4227 Imperdiet Road,$25.51,8
Deacon Dean,1-630-387-1324,tellus.imperdiet.non@aol.couk,"P.O. Box 365, 1777 Lacinia St.",$58.69,2
Benedict Henry,1-467-468-7728,hendrerit.id@icloud.net,1140 Imperdiet Rd.,$1.62,2
Devin Wynn,1-306-243-6418,quis.arcu@hotmail.ca,Ap #452-8290 Nunc Ave,$86.78,7
Cheryl Tucker,(751) 715-4569,enim@google.com,"P.O. Box 390, 6607 Consectetuer Street",$98.34,7
Nichole Nunez,(630) 796-4770,et@aol.edu,9291 Aliquam Rd.,$9.93,2
Lee Sweet,(221) 335-5742,dolor@hotmail.ca,Ap #418-313 In Rd.,$1.63,5
Marvin Emerson,(780) 417-2667,fringilla@icloud.couk,Ap #838-6782 Varius Avenue,$44.60,2
Mark Walters,(391) 783-3819,erat.semper@aol.net,Ap #895-7097 Id Road,$30.75,9
Price Leonard,(498) 769-2797,id@hotmail.com,824 Ultricies Av.,$12.95,9
Hedley French,(153) 657-2715,nisi.dictum@aol.ca,Ap #405-5044 Sit St.,$36.26,4
Unity Cash,1-394-938-8780,non.hendrerit@aol.net,"P.O. Box 816, 6353 Turpis. Road",$5.03,9
Jescie Faulkner,1-271-904-7969,interdum@hotmail.ca,214-9280 Quam. Street,$17.88,2
Erich Walton,1-741-121-1541,fusce.diam@hotmail.net,"794-7878 Et, Ave",$49.90,1
Alfreda Holland,1-538-798-7370,magnis.dis.parturient@outlook.org,"2567 Erat, Rd.",$23.23,0
Alvin Stanley,(591) 370-2524,sed@yahoo.org,146-6675 Nunc Rd.,$61.20,7
Hillary Scott,1-717-333-1564,et.commodo.at@google.com,938-1287 Nulla Street,$22.28,5
Jorden Maldonado,1-347-755-0220,ridiculus.mus@google.couk,"P.O. Box 148, 7516 Sit St.",$8.98,9
Honorato Evans,1-777-719-6492,purus.maecenas@icloud.org,"P.O. Box 806, 3012 Luctus Avenue",$16.93,1
Hilda Glass,1-515-539-6714,donec@yahoo.org,2173 Sed Road,$16.86,4
Ezekiel Joseph,1-933-731-8284,vel.lectus@outlook.com,Ap #560-8221 Imperdiet Av.,$55.07,1
Audra Hammond,(658) 179-9764,erat.sed.nunc@yahoo.org,785-3099 Quam Avenue,$79.97,2
Carl George,(622) 453-2420,orci.lacus@aol.ca,7227 Mollis Road,$32.64,5
Salvador George,(363) 316-8792,turpis.non.enim@hotmail.net,4586 Arcu St.,$59.38,7
Jolene Cox,1-620-419-1181,dictum@google.edu,417-5279 Vehicula Ave,$94.94,10
Bree Cline,(548) 878-2211,sapien.imperdiet.ornare@protonmail.edu,Ap #794-4515 Sed Rd.,$48.37,0
Athena Hart,(435) 146-6933,consectetuer@aol.couk,Ap #927-1783 Libero Street,$78.56,3
Forrest Mendez,(475) 783-4781,amet.luctus@icloud.couk,220-3742 Dapibus St.,$78.35,0
Alexandra Flores,1-353-533-3116,eros.turpis@google.com,"P.O. Box 808, 9813 Iaculis, Rd.",$37.96,4
Driscoll Mcbride,(685) 882-3737,et.ultrices@protonmail.edu,143-5831 In Ave,$97.44,3
Uma Gibson,1-836-323-1697,magna.tellus@google.edu,714-5746 Nam St.,$45.86,4
Nasim Hull,(722) 488-8613,ut@icloud.com,554-590 Mauris Street,$96.93,3
Cairo Sellers,1-418-675-5095,ultrices@icloud.org,"137-5726 Vulputate, Rd.",$16.40,9
Sheila Pruitt,(945) 657-2045,bibendum.ullamcorper@hotmail.ca,324-9335 Augue. Rd.,$15.70,6
Colleen Skinner,1-248-864-2414,dictum.ultricies.ligula@aol.org,"P.O. Box 721, 3007 Nec, Road",$71.03,7
Elizabeth Marsh,(573) 363-8433,nunc.risus.varius@hotmail.edu,Ap #477-9776 At Rd.,$65.66,3
Colorado Clements,(138) 358-8624,ornare.fusce.mollis@protonmail.org,Ap #225-9845 Suspendisse Av.,$90.61,9
Prescott Cooke,(421) 462-2446,laoreet.lectus.quis@yahoo.ca,9270 Tellus Av.,$17.59,3
Clinton Bailey,1-793-588-6865,nec.tempus.scelerisque@aol.couk,"375-3858 Vulputate, St.",$8.75,5
Nathaniel Combs,1-131-528-7095,mauris.id@aol.com,197-9924 Vulputate St.,$97.98,9
Merrill Fox,(448) 250-4657,nunc.nulla.vulputate@yahoo.org,"P.O. Box 189, 721 In Street",$43.01,1
Alexa Mayo,1-305-965-3262,odio.phasellus@aol.org,"P.O. Box 758, 8428 Lacus. Av.",$76.96,5
Ann Shaw,1-345-412-9146,arcu.morbi@icloud.ca,384-3252 Nullam Street,$75.68,2
Kelly Ross,(722) 985-8805,magna.a@google.edu,Ap #106-5635 Eu Street,$3.80,9
Hedda Mckinney,(371) 943-8873,accumsan.neque@protonmail.net,557-7299 Nunc St.,$16.13,6
Elmo Lang,1-323-932-8658,sociis.natoque.penatibus@yahoo.org,4427 Etiam St.,$67.90,6
Lacy Burris,(279) 151-9763,ante.vivamus@protonmail.couk,7309 Consectetuer Rd.,$84.52,1
Cameron Hood,(821) 392-8298,luctus.sit.amet@protonmail.com,"Ap #290-4078 Non, St.",$97.19,8
Victor Vega,(401) 338-3051,convallis.dolor.quisque@hotmail.com,"864-4397 Tincidunt, Street",$99.06,6
Brett Keith,(261) 823-4113,bibendum.ullamcorper@google.ca,785-1748 Tincidunt Avenue,$35.34,8
Madonna Medina,1-121-840-8601,blandit.at.nisi@yahoo.ca,Ap #991-4556 Viverra. Av.,$84.59,4
Wang Phillips,(806) 730-1614,tincidunt.congue.turpis@icloud.edu,2537 Eros. Street,$64.97,6
Lunea Whitney,1-211-402-6556,pede@outlook.couk,"Ap #860-5803 Vitae, St.",$31.31,9
Katell Brewer,(242) 737-4766,id@aol.ca,6438 Semper. Ave,$22.65,5
Kieran Harmon,1-759-455-1258,nisl.sem@google.net,2128 Risus. Ave,$46.43,8
Paula Harrison,(386) 234-4177,purus.mauris.a@outlook.net,996-7489 Suspendisse Avenue,$77.94,7
Julie Bright,(528) 138-4373,nunc@yahoo.net,"P.O. Box 650, 218 Erat. St.",$22.48,1
Orson Mann,1-981-231-4567,donec.nibh.quisque@aol.edu,"Ap #633-3239 Ut, St.",$48.07,5
Sage Rocha,(873) 528-2787,mus.proin.vel@protonmail.couk,546-3213 Penatibus Rd.,$69.61,3
Jameson Landry,1-703-664-6443,vitae.erat@outlook.net,158-3711 Semper. Street,$43.41,5
Rosalyn Nguyen,(544) 586-0823,nibh@aol.edu,Ap #624-4386 Metus Rd.,$71.80,3
Cooper Mcclain,(333) 384-0888,urna.et.arcu@aol.com,Ap #845-7562 Aenean Rd.,$93.52,7
Beck Lindsay,1-873-457-5913,sit.amet@aol.net,Ap #629-3409 Vel Ave,$59.92,4
Harrison Franco,1-146-574-7647,eu.placerat@yahoo.ca,170-4187 Magna. St.,$46.58,8
Warren Dominguez,1-454-464-8756,ut.semper.pretium@google.edu,"P.O. Box 980, 7825 Fermentum St.",$65.12,4
Cherokee Lopez,(847) 146-4514,maecenas.malesuada.fringilla@aol.org,Ap #836-9047 Dictum Rd.,$62.15,6
Penelope Cortez,1-743-366-0660,suspendisse.eleifend@outlook.couk,Ap #988-9352 Cursus Ave,$31.64,10
Felix Caldwell,(362) 864-7186,dignissim@hotmail.couk,"P.O. Box 455, 945 Vulputate Av.",$83.47,10
Dominic Short,1-421-807-1016,ac.eleifend@google.ca,Ap #205-9674 Natoque Rd.,$96.74,1
Richard Santana,1-650-536-5857,morbi.non@protonmail.net,Ap #884-8480 Erat Street,$70.07,2
Uta Avila,(986) 486-9482,malesuada.vel.convallis@aol.edu,854-6821 Aliquam Av.,$53.26,1
Palmer Mcclain,1-416-384-6472,sit.amet@hotmail.edu,6088 Ultrices. St.,$13.57,7
Cynthia Rosario,(479) 861-2364,nibh.vulputate@outlook.com,7382 Sed Rd.,$9.86,4
Jada Garcia,(585) 748-7428,donec.dignissim@yahoo.org,197-2715 Integer Road,$99.89,7
Pascale Mcdonald,1-831-472-2441,ante@aol.ca,Ap #444-1442 Sed Rd.,$19.59,2
Buckminster Bowman,1-336-717-6787,nunc@yahoo.com,Ap #248-6847 Aliquam Ave,$4.13,2
Judah Mason,(716) 684-8697,mauris.blandit.enim@icloud.couk,616-296 Risus Rd.,$95.95,5
Lacota Marsh,1-478-524-1216,etiam@google.ca,"P.O. Box 456, 2625 Integer Av.",$60.22,2
Brynne Talley,(260) 577-9230,est.ac.mattis@aol.net,809-2859 Lobortis Road,$86.02,5
